BAL,LAA,LAA,BAL,LAA,BOS,LAA,CHW,LAA,CLE,LAA,DET,LAA,HOU,LAA,KCR,LAA,MIN,LAA,NYY,LAA,OAK,LAA,SEA,LAA,TBR,LAA,TEX,LAA,TOR,ATL,ARI,ARI,ATL,LAA,CHC,LAA,CIN,ARI,COL,ARI,MIA,LAA,LAD,ARI,MIL,ARI,NYM,ARI,PHI,ARI,PIT,ARI,SDP,ARI,SFG,LAA,STL,ARI,WSN
BAL,LAA,LAA,BAL,LAA,BOS,LAA,CHW,LAA,CLE,LAA,DET,LAA,HOU,LAA,KCR,LAA,MIN,LAA,NYY,LAA,OAK,LAA,SEA,LAA,TBR,LAA,TEX,LAA,TOR,ATL,ARI,ARI,ATL,LAA,CHC,LAA,CIN,ARI,COL,ARI,MIA,LAA,LAD,ARI,MIL,ARI,NYM,ARI,PHI,ARI,PIT,ARI,SDP,ARI,SFG,LAA,STL,ARI,WSN
BAL,LAA,LAA,BAL,LAA,BOS,LAA,CHW,LAA,CLE,LAA,DET,LAA,HOU,LAA,KCR,LAA,MIN,LAA,NYY,LAA,OAK,LAA,SEA,LAA,TBR,LAA,TEX,LAA,TOR,ATL,ARI,ARI,ATL,LAA,CHC,ARI,CIN,ARI,COL,ARI,MIA,ARI,LAD,ARI,MIL,ARI,NYM,ARI,PHI,ARI,PIT,ARI,SDP,ARI,SFG,LAA,STL,ARI,WSN
BAL,LAA,BOS,BAL,LAA,BOS,BAL,CHW,ATL,CLE,BAL,DET,LAA,HOU,ATL,KCR,ATL,MIN,ARI,NYY,LAA,OAK,LAA,SEA,LAA,TBR,LAA,TEX,LAA,TOR,ATL,ARI,CHC,ATL,ARI,CHC,ARI,CIN,ARI,COL,ARI,MIA,ARI,LAD,ATL,MIL,ARI,NYM,ATL,PHI,ARI,PIT,ARI,SDP,ARI,SFG,ARI,STL,ARI,WSN
BOS,LAA,BOS,BAL,BAL,BOS,BAL,CHW,ATL,CLE,BAL,DET,LAA,HOU,ATL,KCR,ATL,MIN,ARI,NYY,LAA,OAK,LAA,SEA,ARI,TBR,LAA,TEX,ARI,TOR,BAL,ARI,CHC,ATL,ARI,CHC,ARI,CIN,ARI,COL,ATL,MIA,ARI,LAD,ATL,MIL,ATL,NYM,ATL,PHI,ATL,PIT,ARI,SDP,ARI,SFG,ARI,STL,ATL,WSN
BOS,LAA,BOS,BAL,BAL,BOS,BAL,CHW,ATL,CLE,BAL,DET,LAA,HOU,BAL,KCR,ATL,MIN,BAL,NYY,LAA,OAK,LAA,SEA,ARI,TBR,LAA,TEX,ARI,TOR,BAL,ARI,CHC,ATL,ARI,CHC,ATL,CIN,ARI,COL,ATL,MIA,ARI,LAD,ATL,MIL,ATL,NYM,ATL,PHI,ATL,PIT,ARI,SDP,ARI,SFG,ARI,STL,ATL,WSN
BOS,LAA,BOS,BAL,BAL,BOS,BOS,CHW,BAL,CLE,BAL,DET,LAA,HOU,BAL,KCR,BAL,MIN,BAL,NYY,LAA,OAK,LAA,SEA,ARI,TBR,LAA,TEX,ARI,TOR,BAL,ARI,CHW,ATL,ATL,CHC,ATL,CIN,ARI,COL,ATL,MIA,ARI,LAD,CHC,MIL,ATL,NYM,ATL,PHI,ATL,PIT,ARI,SDP,ARI,SFG,ATL,STL,ATL,WSN
CHW,LAA,BOS,BAL,BAL,BOS,BOS,CHW,BAL,CLE,BOS,DET,LAA,HOU,BAL,KCR,BAL,MIN,BAL,NYY,LAA,OAK,LAA,SEA,BAL,TBR,LAA,TEX,ATL,TOR,BOS,ARI,CHW,ATL,ATL,CHC,ATL,CIN,ARI,COL,ATL,MIA,ARI,LAD,CHC,MIL,ATL,NYM,ATL,PHI,CHC,PIT,ARI,SDP,ARI,SFG,ATL,STL,ATL,WSN
CHW,LAA,BOS,BAL,BAL,BOS,BOS,CHW,BAL,CLE,BOS,DET,LAA,HOU,BOS,KCR,BAL,MIN,BAL,NYY,LAA,OAK,LAA,SEA,BAL,TBR,LAA,TEX,ATL,TOR,BOS,ARI,CHW,ATL,ATL,CHC,CHC,CIN,ARI,COL,ATL,MIA,ARI,LAD,CHC,MIL,ATL,NYM,ATL,PHI,CHC,PIT,ARI,SDP,ARI,SFG,ATL,STL,ATL,WSN
CHW,LAA,BOS,BAL,BAL,BOS,BOS,CHW,BAL,CLE,BOS,DET,BAL,HOU,BOS,KCR,BOS,MIN,BAL,NYY,LAA,OAK,BAL,SEA,BAL,TBR,LAA,TEX,BAL,TOR,BOS,ARI,CIN,ATL,ATL,CHC,CHC,CIN,ARI,COL,ATL,MIA,ARI,LAD,CHC,MIL,ATL,NYM,ATL,PHI,CHC,PIT,ATL,SDP,ATL,SFG,CHC,STL,ATL,WSN
CHW,LAA,BOS,BAL,BAL,BOS,CHC,CHW,BOS,CLE,CHW,DET,BAL,HOU,BOS,KCR,BOS,MIN,BAL,NYY,BAL,OAK,BAL,SEA,BAL,TBR,ARI,TEX,BAL,TOR,CHC,ARI,CIN,ATL,CHW,CHC,CHC,CIN,ATL,COL,ATL,MIA,ARI,LAD,CHC,MIL,ATL,NYM,ATL,PHI,CHC,PIT,ATL,SDP,ATL,SFG,CHC,STL,ATL,WSN
CIN,LAA,BOS,BAL,BAL,BOS,CHC,CHW,BOS,CLE,CHW,DET,BAL,HOU,CHW,KCR,BOS,MIN,BAL,NYY,BAL,OAK,BAL,SEA,BAL,TBR,ARI,TEX,BAL,TOR,CHC,ARI,CIN,ATL,CHW,CHC,CHC,CIN,ATL,COL,ATL,MIA,ATL,LAD,CHC,MIL,ATL,NYM,ATL,PHI,CHC,PIT,ATL,SDP,ATL,SFG,CHC,STL,ATL,WSN
CIN,LAA,CHW,BAL,BAL,BOS,CLE,CHW,BOS,CLE,CHW,DET,BOS,HOU,CHW,KCR,CHW,MIN,BAL,NYY,BAL,OAK,BAL,SEA,BAL,TBR,BAL,TEX,BAL,TOR,CHC,ARI,CIN,ATL,CIN,CHC,CHC,CIN,ATL,COL,ATL,MIA,ATL,LAD,CHC,MIL,ATL,NYM,ATL,PHI,CHC,PIT,BAL,SDP,ATL,SFG,CHC,STL,ATL,WSN
CLE,LAA,CHW,BAL,BAL,BOS,CLE,CHW,CHW,CLE,CHW,DET,BOS,HOU,CHW,KCR,CHW,MIN,BAL,NYY,BOS,OAK,BOS,SEA,BAL,TBR,BAL,TEX,BAL,TOR,CIN,ARI,COL,ATL,CIN,CHC,CHC,CIN,BAL,COL,ATL,MIA,ATL,LAD,CHC,MIL,CHC,NYM,BOS,PHI,CHC,PIT,BAL,SDP,CHC,SFG,CHC,STL,BAL,WSN
CLE,LAA,CHW,BAL,CHW,BOS,CLE,CHW,CHW,CLE,CHW,DET,BOS,HOU,CHW,KCR,CHW,MIN,BOS,NYY,BOS,OAK,BOS,SEA,BAL,TBR,BAL,TEX,BAL,TOR,CIN,ARI,COL,ATL,CIN,CHC,CHC,CIN,BAL,COL,CHC,MIA,CHC,LAD,CHC,MIL,CHC,NYM,BOS,PHI,CHC,PIT,BOS,SDP,CHC,SFG,CHC,STL,BAL,WSN
CLE,LAA,CLE,BAL,CHW,BOS,CLE,CHW,CHW,CLE,CHW,DET,CHC,HOU,CHW,KCR,CHW,MIN,BOS,NYY,BOS,OAK,BOS,SEA,BAL,TBR,BOS,TEX,BAL,TOR,CIN,ARI,COL,ATL,CIN,CHC,CHC,CIN,BAL,COL,CHC,MIA,CHC,LAD,CHC,MIL,CHC,NYM,CHC,PHI,CHC,PIT,BOS,SDP,CHC,SFG,CHC,STL,CHC,WSN
DET,LAA,CLE,BAL,CHW,BOS,CLE,CHW,CHW,CLE,CHW,DET,CHC,HOU,CHW,KCR,CHW,MIN,BOS,NYY,BOS,OAK,BOS,SEA,BOS,TBR,BOS,TEX,BAL,TOR,COL,ARI,DET,ATL,CIN,CHC,CHC,CIN,BOS,COL,CHC,MIA,CHC,LAD,CIN,MIL,CIN,NYM,CHC,PHI,CHC,PIT,BOS,SDP,CIN,SFG,CHC,STL,CHC,WSN
DET,LAA,CLE,BAL,CLE,BOS,CLE,CHW,CHW,CLE,CHW,DET,CHC,HOU,CHW,KCR,CHW,MIN,BOS,NYY,CHW,OAK,CHC,SEA,BOS,TBR,BOS,TEX,BAL,TOR,COL,ARI,DET,ATL,CIN,CHC,CHC,CIN,BOS,COL,CIN,MIA,CHC,LAD,CIN,MIL,CIN,NYM,CHC,PHI,CIN,PIT,CHC,SDP,CIN,SFG,CHC,STL,CHC,WSN
DET,LAA,DET,BAL,CLE,BOS,CLE,CHW,CHW,CLE,CHW,DET,CHW,HOU,CHW,KCR,CHW,MIN,BOS,NYY,CHW,OAK,CHC,SEA,BOS,TBR,CHC,TEX,BOS,TOR,COL,ARI,DET,ATL,CIN,CHC,CLE,CIN,CHC,COL,CIN,MIA,CIN,LAD,CIN,MIL,CIN,NYM,CHW,PHI,CIN,PIT,CHC,SDP,CIN,SFG,CIN,STL,CHW,WSN
HOU,LAA,DET,BAL,CLE,BOS,CLE,CHW,CHW,CLE,CHW,DET,CHW,HOU,CHW,KCR,CHW,MIN,BOS,NYY,CHW,OAK,CHW,SEA,BOS,TBR,CHC,TEX,BOS,TOR,COL,ARI,MIA,ATL,CIN,CHC,CLE,CIN,CHC,COL,CIN,MIA,CIN,LAD,CIN,MIL,CIN,NYM,CHW,PHI,CIN,PIT,CHC,SDP,COL,SFG,CIN,STL,CHW,WSN
HOU,LAA,DET,BAL,COL,BOS,CLE,CHW,CHW,CLE,CLE,DET,CHW,HOU,CHW,KCR,CHW,MIN,BOS,NYY,CIN,OAK,CHW,SEA,BOS,TBR,CHC,TEX,BOS,TOR,COL,ARI,MIA,ATL,CIN,CHC,COL,CIN,CHC,COL,CIN,MIA,CIN,LAD,CIN,MIL,CLE,NYM,CHW,PHI,CIN,PIT,CHC,SDP,COL,SFG,CIN,STL,CIN,WSN
HOU,LAA,HOU,BAL,COL,BOS,DET,CHW,CHW,CLE,CLE,DET,CHW,HOU,CLE,KCR,CLE,MIN,BOS,NYY,CIN,OAK,CHW,SEA,BOS,TBR,CHW,TEX,BOS,TOR,COL,ARI,MIA,ATL,COL,CHC,COL,CIN,CIN,COL,CLE,MIA,COL,LAD,CIN,MIL,CLE,NYM,CIN,PHI,CIN,PIT,CIN,SDP,COL,SFG,CIN,STL,CIN,WSN
HOU,LAA,HOU,BAL,DET,BOS,DET,CHW,CHW,CLE,CLE,DET,CLE,HOU,CLE,KCR,CLE,MIN,BOS,NYY,CIN,OAK,CIN,SEA,BOS,TBR,CHW,TEX,BOS,TOR,COL,ARI,MIA,ATL,COL,CHC,COL,CIN,CIN,COL,CLE,MIA,COL,LAD,CIN,MIL,CLE,NYM,CIN,PHI,CIN,PIT,CIN,SDP,COL,SFG,CIN,STL,CIN,WSN
HOU,LAA,HOU,BAL,DET,BOS,DET,CHW,CIN,CLE,CLE,DET,CLE,HOU,CLE,KCR,CLE,MIN,CHW,NYY,CLE,OAK,CIN,SEA,BOS,TBR,CHW,TEX,BOS,TOR,COL,ARI,MIA,ATL,COL,CHC,MIA,CIN,CIN,COL,COL,MIA,COL,LAD,CIN,MIL,COL,NYM,CIN,PHI,CIN,PIT,CIN,SDP,COL,SFG,CIN,STL,CLE,WSN
HOU,LAA,KCR,BAL,DET,BOS,DET,CHW,CIN,CLE,CLE,DET,CLE,HOU,CLE,KCR,CLE,MIN,CHW,NYY,CLE,OAK,CIN,SEA,BOS,TBR,CLE,TEX,BOS,TOR,COL,ARI,MIA,ATL,MIA,CHC,MIA,CIN,MIA,COL,COL,MIA,COL,LAD,CIN,MIL,COL,NYM,COL,PHI,CIN,PIT,CIN,SDP,COL,SFG,CIN,STL,CLE,WSN
HOU,LAA,KCR,BAL,DET,BOS,DET,CHW,DET,CLE,CLE,DET,CLE,HOU,CLE,KCR,CLE,MIN,CHW,NYY,CLE,OAK,CLE,SEA,BOS,TBR,CLE,TEX,BOS,TOR,MIA,ARI,MIA,ATL,MIA,CHC,MIA,CIN,MIA,COL,COL,MIA,COL,LAD,COL,MIL,COL,NYM,COL,PHI,CIN,PIT,COL,SDP,COL,SFG,CIN,STL,CLE,WSN
HOU,LAA,KCR,BAL,HOU,BOS,DET,CHW,DET,CLE,CLE,DET,COL,HOU,CLE,KCR,CLE,MIN,CLE,NYY,DET,OAK,CLE,SEA,CHW,TBR,CLE,TEX,BOS,TOR,MIA,ARI,MIA,ATL,MIA,CHC,HOU,CIN,MIA,COL,COL,MIA,COL,LAD,COL,MIL,DET,NYM,COL,PHI,CIN,PIT,COL,SDP,COL,SFG,CIN,STL,COL,WSN
HOU,LAA,LAD,BAL,HOU,BOS,DET,CHW,DET,CLE,CLE,DET,COL,HOU,CLE,KCR,CLE,MIN,CLE,NYY,DET,OAK,CLE,SEA,CHW,TBR,CLE,TEX,BOS,TOR,MIA,ARI,MIA,ATL,MIA,CHC,HOU,CIN,HOU,COL,KCR,MIA,COL,LAD,COL,MIL,DET,NYM,DET,PHI,COL,PIT,COL,SDP,COL,SFG,COL,STL,COL,WSN
HOU,LAA,LAD,BAL,HOU,BOS,DET,CHW,DET,CLE,CLE,DET,DET,HOU,CLE,KCR,CLE,MIN,CLE,NYY,DET,OAK,DET,SEA,CHW,TBR,DET,TEX,CHW,TOR,LAD,ARI,KCR,ATL,LAD,CHC,HOU,CIN,HOU,COL,KCR,MIA,COL,LAD,COL,MIL,DET,NYM,DET,PHI,COL,PIT,COL,SDP,COL,SFG,COL,STL,COL,WSN
KCR,LAA,LAD,BAL,KCR,BOS,DET,CHW,DET,CLE,MIA,DET,DET,HOU,CLE,KCR,CLE,MIN,CLE,NYY,HOU,OAK,DET,SEA,CLE,TBR,DET,TEX,CHW,TOR,LAD,ARI,KCR,ATL,LAD,CHC,LAD,CIN,LAD,COL,KCR,MIA,COL,LAD,MIA,MIL,MIA,NYM,MIA,PHI,COL,PIT,COL,SDP,MIA,SFG,COL,STL,COL,WSN
KCR,LAA,MIN,BAL,KCR,BOS,MIA,CHW,DET,CLE,MIA,DET,DET,HOU,CLE,KCR,CLE,MIN,COL,NYY,HOU,OAK,DET,SEA,CLE,TBR,DET,TEX,CHW,TOR,LAD,ARI,LAD,ATL,LAD,CHC,LAD,CIN,LAD,COL,LAD,MIA,MIA,LAD,MIA,MIL,MIA,NYM,MIA,PHI,DET,PIT,COL,SDP,MIA,SFG,COL,STL,MIA,WSN
KCR,LAA,MIN,BAL,KCR,BOS,MIA,CHW,DET,CLE,MIA,DET,DET,HOU,DET,KCR,DET,MIN,COL,NYY,HOU,OAK,DET,SEA,CLE,TBR,HOU,TEX,CLE,TOR,LAD,ARI,LAD,ATL,MIL,CHC,LAD,CIN,LAD,COL,LAD,MIA,MIA,LAD,MIA,MIL,MIA,NYM,MIA,PHI,DET,PIT,COL,SDP,MIA,SFG,MIA,STL,MIA,WSN
LAD,LAA,MIN,BAL,LAD,BOS,MIA,CHW,DET,CLE,HOU,DET,KCR,HOU,DET,KCR,DET,MIN,COL,NYY,HOU,OAK,HOU,SEA,COL,TBR,HOU,TEX,CLE,TOR,LAD,ARI,LAD,ATL,MIL,CHC,MIL,CIN,LAD,COL,LAD,MIA,MIA,LAD,HOU,MIL,MIA,NYM,MIA,PHI,MIA,PIT,COL,SDP,LAD,SFG,MIA,STL,MIA,WSN
LAD,LAA,NYY,BAL,LAD,BOS,HOU,CHW,DET,CLE,HOU,DET,KCR,HOU,DET,KCR,DET,MIN,DET,NYY,HOU,OAK,HOU,SEA,COL,TBR,HOU,TEX,CLE,TOR,LAD,ARI,MIL,ATL,MIL,CHC,MIL,CIN,LAD,COL,MIL,MIA,MIL,LAD,HOU,MIL,MIA,NYM,MIA,PHI,MIA,PIT,COL,SDP,LAD,SFG,MIA,STL,MIA,WSN
MIL,LAA,NYY,BAL,LAD,BOS,HOU,CHW,DET,CLE,HOU,DET,KCR,HOU,DET,KCR,DET,MIN,DET,NYY,HOU,OAK,HOU,SEA,COL,TBR,HOU,TEX,DET,TOR,LAD,ARI,MIL,ATL,MIL,CHC,MIL,CIN,LAD,COL,MIL,MIA,MIL,LAD,LAD,MIL,MIA,NYM,MIA,PHI,MIA,PIT,MIA,SDP,LAD,SFG,MIA,STL,MIA,WSN
MIL,LAA,NYY,BAL,MIN,BOS,HOU,CHW,MIA,CLE,KCR,DET,MIL,HOU,DET,KCR,DET,MIN,DET,NYY,HOU,OAK,HOU,SEA,DET,TBR,HOU,TEX,DET,TOR,LAD,ARI,MIL,ATL,MIL,CHC,MIL,CIN,LAD,COL,MIL,MIA,MIL,LAD,LAD,MIL,MIA,NYM,MIA,PHI,LAD,PIT,MIA,SDP,LAD,SFG,HOU,STL,MIA,WSN
MIL,LAA,NYY,BAL,MIN,BOS,KCR,CHW,MIA,CLE,KCR,DET,MIL,HOU,DET,KCR,DET,MIN,HOU,NYY,HOU,OAK,HOU,SEA,DET,TBR,HOU,TEX,DET,TOR,LAD,ARI,NYM,ATL,MIL,CHC,MIL,CIN,LAD,COL,MIL,MIA,NYM,LAD,LAD,MIL,MIA,NYM,MIA,PHI,LAD,PIT,MIA,SDP,LAD,SFG,HOU,STL,MIA,WSN
MIN,LAA,NYY,BAL,MIN,BOS,KCR,CHW,HOU,CLE,KCR,DET,MIN,HOU,DET,KCR,DET,MIN,HOU,NYY,HOU,OAK,HOU,SEA,DET,TBR,HOU,TEX,DET,TOR,LAD,ARI,NYM,ATL,MIL,CHC,MIL,CIN,LAD,COL,MIN,MIA,NYM,LAD,LAD,MIL,MIA,NYM,MIA,PHI,LAD,PIT,LAD,SDP,LAD,SFG,HOU,STL,MIA,WSN
MIN,LAA,NYY,BAL,NYY,BOS,KCR,CHW,HOU,CLE,KCR,DET,MIN,HOU,DET,KCR,DET,MIN,HOU,NYY,KCR,OAK,HOU,SEA,MIA,TBR,HOU,TEX,HOU,TOR,MIL,ARI,NYM,ATL,MIL,CHC,MIL,CIN,LAD,COL,MIN,MIA,NYM,LAD,MIN,MIL,MIA,NYM,MIA,PHI,MIL,PIT,LAD,SDP,LAD,SFG,KCR,STL,MIA,WSN
MIN,LAA,NYY,BAL,NYY,BOS,KCR,CHW,HOU,CLE,KCR,DET,MIN,HOU,DET,KCR,DET,MIN,HOU,NYY,KCR,OAK,HOU,SEA,MIA,TBR,HOU,TEX,HOU,TOR,MIL,ARI,NYM,ATL,MIL,CHC,MIL,CIN,MIL,COL,MIN,MIA,NYM,LAD,MIN,MIL,LAD,NYM,LAD,PHI,MIL,PIT,LAD,SDP,LAD,SFG,KCR,STL,MIA,WSN
NYY,LAA,NYY,BAL,NYY,BOS,KCR,CHW,KCR,CLE,KCR,DET,NYY,HOU,HOU,KCR,HOU,MIN,KCR,NYY,KCR,OAK,HOU,SEA,HOU,TBR,HOU,TEX,HOU,TOR,MIL,ARI,NYM,ATL,NYM,CHC,MIL,CIN,MIL,COL,NYM,MIA,NYY,LAD,NYM,MIL,LAD,NYM,LAD,PHI,MIL,PIT,LAD,SDP,LAD,SFG,LAD,STL,KCR,WSN
NYY,LAA,NYY,BAL,NYY,BOS,KCR,CHW,KCR,CLE,KCR,DET,NYY,HOU,HOU,KCR,HOU,MIN,KCR,NYY,MIL,OAK,KCR,SEA,HOU,TBR,KCR,TEX,KCR,TOR,MIL,ARI,NYM,ATL,NYM,CHC,MIL,CIN,MIL,COL,NYM,MIA,NYY,LAD,NYM,MIL,LAD,NYM,LAD,PHI,MIL,PIT,LAD,SDP,MIL,SFG,LAD,STL,KCR,WSN
NYY,LAA,NYY,BAL,NYY,BOS,KCR,CHW,KCR,CLE,KCR,DET,NYY,HOU,HOU,KCR,HOU,MIN,KCR,NYY,MIL,OAK,KCR,SEA,HOU,TBR,KCR,TEX,KCR,TOR,NYM,ARI,NYM,ATL,NYM,CHC,NYM,CIN,NYM,COL,NYM,MIA,NYY,LAD,NYM,MIL,MIL,NYM,LAD,PHI,MIL,PIT,LAD,SDP,MIL,SFG,LAD,STL,KCR,WSN
NYY,LAA,OAK,BAL,NYY,BOS,KCR,CHW,KCR,CLE,KCR,DET,OAK,HOU,MIN,KCR,HOU,MIN,KCR,NYY,MIL,OAK,KCR,SEA,HOU,TBR,KCR,TEX,KCR,TOR,NYM,ARI,NYM,ATL,NYM,CHC,NYM,CIN,NYM,COL,NYM,MIA,PHI,LAD,PHI,MIL,MIL,NYM,MIL,PHI,MIL,PIT,LAD,SDP,MIL,SFG,LAD,STL,LAD,WSN
OAK,LAA,OAK,BAL,NYY,BOS,KCR,CHW,KCR,CLE,KCR,DET,OAK,HOU,MIN,KCR,KCR,MIN,MIN,NYY,MIN,OAK,MIN,SEA,KCR,TBR,KCR,TEX,KCR,TOR,NYM,ARI,NYM,ATL,OAK,CHC,NYM,CIN,NYM,COL,NYM,MIA,PHI,LAD,PHI,MIL,MIL,NYM,MIL,PHI,MIL,PIT,LAD,SDP,NYM,SFG,MIL,STL,LAD,WSN
OAK,LAA,OAK,BAL,NYY,BOS,MIN,CHW,KCR,CLE,MIN,DET,OAK,HOU,MIN,KCR,KCR,MIN,MIN,NYY,MIN,OAK,MIN,SEA,KCR,TBR,MIN,TEX,MIN,TOR,NYY,ARI,NYM,ATL,OAK,CHC,PHI,CIN,PHI,COL,NYM,MIA,PHI,LAD,PHI,MIL,MIN,NYM,MIL,PHI,MIL,PIT,LAD,SDP,NYM,SFG,MIL,STL,LAD,WSN
OAK,LAA,OAK,BAL,NYY,BOS,MIN,CHW,KCR,CLE,MIN,DET,OAK,HOU,MIN,KCR,KCR,MIN,MIN,NYY,MIN,OAK,MIN,SEA,KCR,TBR,MIN,TEX,MIN,TOR,NYY,ARI,PHI,ATL,OAK,CHC,PHI,CIN,PHI,COL,NYM,MIA,PIT,LAD,PIT,MIL,MIN,NYM,MIL,PHI,MIL,PIT,MIL,SDP,NYM,SFG,MIL,STL,MIL,WSN
OAK,LAA,SDP,BAL,NYY,BOS,MIN,CHW,KCR,CLE,MIN,DET,OAK,HOU,MIN,KCR,KCR,MIN,NYM,NYY,NYY,OAK,MIN,SEA,LAD,TBR,MIN,TEX,MIN,TOR,PHI,ARI,PHI,ATL,PHI,CHC,PHI,CIN,PHI,COL,NYM,MIA,PIT,LAD,PIT,MIL,NYY,NYM,MIN,PHI,MIL,PIT,MIL,SDP,NYM,SFG,MIL,STL,MIL,WSN
OAK,LAA,SDP,BAL,OAK,BOS,MIN,CHW,KCR,CLE,MIN,DET,OAK,HOU,MIN,KCR,KCR,MIN,NYM,NYY,NYY,OAK,NYY,SEA,LAD,TBR,MIN,TEX,NYY,TOR,PHI,ARI,PHI,ATL,PHI,CHC,PHI,CIN,PHI,COL,NYM,MIA,PIT,LAD,PIT,MIL,NYY,NYM,MIN,PHI,NYM,PIT,MIL,SDP,NYY,SFG,MIL,STL,MIL,WSN
OAK,LAA,SEA,BAL,OAK,BOS,MIN,CHW,MIN,CLE,MIN,DET,OAK,HOU,MIN,KCR,KCR,MIN,OAK,NYY,NYY,OAK,NYY,SEA,MIN,TBR,NYY,TEX,NYY,TOR,PHI,ARI,PHI,ATL,PHI,CHC,PIT,CIN,PIT,COL,PHI,MIA,SDP,LAD,PIT,MIL,PHI,NYM,MIN,PHI,NYM,PIT,NYM,SDP,NYY,SFG,MIL,STL,NYM,WSN
OAK,LAA,SEA,BAL,OAK,BOS,MIN,CHW,MIN,CLE,MIN,DET,OAK,HOU,MIN,KCR,KCR,MIN,OAK,NYY,SEA,OAK,NYY,SEA,MIN,TBR,NYY,TEX,NYY,TOR,PIT,ARI,PHI,ATL,PHI,CHC,PIT,CIN,PIT,COL,PHI,MIA,SDP,LAD,PIT,MIL,PHI,NYM,NYM,PHI,NYM,PIT,NYM,SDP,NYY,SFG,MIL,STL,NYM,WSN
OAK,LAA,SEA,BAL,PHI,BOS,MIN,CHW,MIN,CLE,MIN,DET,OAK,HOU,MIN,KCR,KCR,MIN,OAK,NYY,SEA,OAK,OAK,SEA,MIN,TBR,NYY,TEX,NYY,TOR,PIT,ARI,PHI,ATL,PIT,CHC,PIT,CIN,PIT,COL,PHI,MIA,SDP,LAD,PIT,MIL,PHI,NYM,NYM,PHI,OAK,PIT,NYM,SDP,OAK,SFG,MIL,STL,NYM,WSN
OAK,LAA,SFG,BAL,PHI,BOS,MIN,CHW,MIN,CLE,MIN,DET,OAK,HOU,NYM,KCR,KCR,MIN,SDP,NYY,SEA,OAK,OAK,SEA,MIN,TBR,OAK,TEX,NYY,TOR,PIT,ARI,PHI,ATL,PIT,CHC,PIT,CIN,PIT,COL,PHI,MIA,SDP,LAD,PIT,MIL,PHI,NYM,NYM,PHI,OAK,PIT,PHI,SDP,OAK,SFG,MIL,STL,NYM,WSN
PIT,LAA,SFG,BAL,SEA,BOS,MIN,CHW,MIN,CLE,MIN,DET,PIT,HOU,NYM,KCR,KCR,MIN,SDP,NYY,SEA,OAK,OAK,SEA,NYY,TBR,OAK,TEX,NYY,TOR,SDP,ARI,PHI,ATL,PIT,CHC,PIT,CIN,SDP,COL,PHI,MIA,SDP,LAD,PIT,MIL,PHI,NYM,NYM,PHI,OAK,PIT,PHI,SDP,PHI,SFG,NYM,STL,NYM,WSN
PIT,LAA,SFG,BAL,SEA,BOS,MIN,CHW,MIN,CLE,MIN,DET,PIT,HOU,NYM,KCR,MIL,MIN,SDP,NYY,SEA,OAK,OAK,SEA,NYY,TBR,OAK,TEX,NYY,TOR,SDP,ARI,PHI,ATL,PIT,CHC,PIT,CIN,SDP,COL,PHI,MIA,SDP,LAD,PIT,MIL,PHI,NYM,NYM,PHI,PHI,PIT,PHI,SDP,PHI,SFG,NYM,STL,NYM,WSN
PIT,LAA,TBR,BAL,SEA,BOS,NYM,CHW,MIN,CLE,NYY,DET,PIT,HOU,NYY,KCR,MIL,MIN,SEA,NYY,SEA,OAK,OAK,SEA,NYY,TBR,OAK,TEX,NYY,TOR,SDP,ARI,PIT,ATL,PIT,CHC,PIT,CIN,SDP,COL,PHI,MIA,SDP,LAD,SDP,MIL,PHI,NYM,NYM,PHI,PHI,PIT,PIT,SDP,PHI,SFG,NYM,STL,NYM,WSN
SEA,LAA,TBR,BAL,SFG,BOS,NYM,CHW,MIN,CLE,NYY,DET,SEA,HOU,NYY,KCR,NYM,MIN,SEA,NYY,SEA,OAK,OAK,SEA,NYY,TBR,OAK,TEX,NYY,TOR,SDP,ARI,PIT,ATL,PIT,CHC,PIT,CIN,SDP,COL,PHI,MIA,SDP,LAD,SDP,MIL,PHI,NYM,NYM,PHI,PHI,PIT,PIT,SDP,PHI,SFG,OAK,STL,NYM,WSN
SEA,LAA,TBR,BAL,SFG,BOS,NYM,CHW,MIN,CLE,NYY,DET,SEA,HOU,NYY,KCR,NYM,MIN,SEA,NYY,SEA,OAK,OAK,SEA,NYY,TBR,OAK,TEX,NYY,TOR,SDP,ARI,PIT,ATL,PIT,CHC,PIT,CIN,SDP,COL,PHI,MIA,SDP,LAD,SDP,MIL,PHI,NYM,NYM,PHI,SDP,PIT,PIT,SDP,PIT,SFG,OAK,STL,NYM,WSN
SEA,LAA,TBR,BAL,SFG,BOS,NYY,CHW,NYY,CLE,OAK,DET,SEA,HOU,OAK,KCR,NYY,MIN,SEA,NYY,SEA,OAK,OAK,SEA,NYY,TBR,OAK,TEX,OAK,TOR,SDP,ARI,PIT,ATL,PIT,CHC,SDP,CIN,SDP,COL,PIT,MIA,SDP,LAD,SDP,MIL,PIT,NYM,NYM,PHI,SDP,PIT,PIT,SDP,PIT,SFG,PHI,STL,PHI,WSN
SEA,LAA,TBR,BAL,TBR,BOS,NYY,CHW,NYY,CLE,OAK,DET,SEA,HOU,OAK,KCR,NYY,MIN,TBR,NYY,SEA,OAK,OAK,SEA,NYY,TBR,OAK,TEX,OAK,TOR,SDP,ARI,SDP,ATL,PIT,CHC,SDP,CIN,SDP,COL,PIT,MIA,SFG,LAD,SEA,MIL,PIT,NYM,NYM,PHI,SDP,PIT,SEA,SDP,PIT,SFG,PHI,STL,PHI,WSN
SEA,LAA,TBR,BAL,TBR,BOS,NYY,CHW,NYY,CLE,OAK,DET,SEA,HOU,OAK,KCR,NYY,MIN,TBR,NYY,SFG,OAK,SDP,SEA,NYY,TBR,OAK,TEX,OAK,TOR,SDP,ARI,SDP,ATL,SDP,CHC,SDP,CIN,SDP,COL,PIT,MIA,SFG,LAD,SEA,MIL,PIT,NYM,PIT,PHI,SEA,PIT,SEA,SDP,PIT,SFG,PHI,STL,PHI,WSN
SEA,LAA,TBR,BAL,TBR,BOS,NYY,CHW,OAK,CLE,OAK,DET,SEA,HOU,OAK,KCR,OAK,MIN,TBR,NYY,SFG,OAK,SDP,SEA,NYY,TBR,PIT,TEX,SDP,TOR,SDP,ARI,SDP,ATL,SDP,CHC,SFG,CIN,SDP,COL,SDP,MIA,SFG,LAD,SEA,MIL,SDP,NYM,PIT,PHI,SEA,PIT,SFG,SDP,SDP,SFG,PIT,STL,PHI,WSN
SEA,LAA,TBR,BAL,TBR,BOS,OAK,CHW,OAK,CLE,PHI,DET,SEA,HOU,PHI,KCR,OAK,MIN,TBR,NYY,STL,OAK,STL,SEA,OAK,TBR,PIT,TEX,SDP,TOR,SDP,ARI,SDP,ATL,SDP,CHC,SFG,CIN,SDP,COL,SDP,MIA,SFG,LAD,SFG,MIL,SDP,NYM,PIT,PHI,SEA,PIT,SFG,SDP,SDP,SFG,PIT,STL,PHI,WSN
SEA,LAA,TBR,BAL,TBR,BOS,OAK,CHW,OAK,CLE,PHI,DET,SEA,HOU,PHI,KCR,OAK,MIN,TBR,NYY,STL,OAK,STL,SEA,OAK,TBR,SEA,TEX,SDP,TOR,SFG,ARI,SFG,ATL,SEA,CHC,SFG,CIN,SFG,COL,SDP,MIA,SFG,LAD,SFG,MIL,SDP,NYM,SDP,PHI,SFG,PIT,SFG,SDP,SDP,SFG,PIT,STL,PHI,WSN
SEA,LAA,TBR,BAL,TBR,BOS,OAK,CHW,PHI,CLE,PIT,DET,SEA,HOU,PHI,KCR,OAK,MIN,TBR,NYY,TBR,OAK,STL,SEA,OAK,TBR,SEA,TEX,SEA,TOR,SFG,ARI,SFG,ATL,SEA,CHC,SFG,CIN,SFG,COL,SFG,MIA,SFG,LAD,SFG,MIL,SFG,NYM,SDP,PHI,SFG,PIT,SFG,SDP,SDP,SFG,PIT,STL,PHI,WSN
SEA,LAA,TEX,BAL,TBR,BOS,SEA,CHW,PHI,CLE,PIT,DET,SEA,HOU,SEA,KCR,SEA,MIN,TBR,NYY,TBR,OAK,TBR,SEA,SEA,TBR,SEA,TEX,SEA,TOR,SFG,ARI,SFG,ATL,SFG,CHC,STL,CIN,SFG,COL,SFG,MIA,SFG,LAD,STL,MIL,SFG,NYM,SDP,PHI,SFG,PIT,SFG,SDP,SDP,SFG,PIT,STL,PHI,WSN
TBR,LAA,TEX,BAL,TBR,BOS,SEA,CHW,PHI,CLE,SEA,DET,TBR,HOU,SEA,KCR,SEA,MIN,TBR,NYY,TBR,OAK,TBR,SEA,SEA,TBR,SEA,TEX,SEA,TOR,SFG,ARI,STL,ATL,SFG,CHC,STL,CIN,SFG,COL,SFG,MIA,SFG,LAD,STL,MIL,SFG,NYM,SFG,PHI,STL,PIT,SFG,SDP,SDP,SFG,PIT,STL,PHI,WSN
TBR,LAA,TEX,BAL,TBR,BOS,SEA,CHW,SEA,CLE,SEA,DET,TBR,HOU,SEA,KCR,SEA,MIN,TBR,NYY,TBR,OAK,TBR,SEA,SEA,TBR,SEA,TEX,SFG,TOR,SFG,ARI,STL,ATL,SFG,CHC,STL,CIN,SFG,COL,STL,MIA,SFG,LAD,STL,MIL,STL,NYM,SFG,PHI,STL,PIT,SFG,SDP,SDP,SFG,PIT,STL,PHI,WSN
TBR,LAA,TEX,BAL,TEX,BOS,TBR,CHW,SEA,CLE,SEA,DET,TBR,HOU,SEA,KCR,TBR,MIN,TBR,NYY,TEX,OAK,TEX,SEA,TEX,TBR,SEA,TEX,SFG,TOR,SFG,ARI,STL,ATL,STL,CHC,STL,CIN,SFG,COL,STL,MIA,SFG,LAD,STL,MIL,STL,NYM,SFG,PHI,STL,PIT,SFG,SDP,SDP,SFG,PIT,STL,PIT,WSN
TEX,LAA,TOR,BAL,TEX,BOS,TBR,CHW,SEA,CLE,TBR,DET,TEX,HOU,STL,KCR,TBR,MIN,TEX,NYY,TEX,OAK,TEX,SEA,TEX,TBR,SEA,TEX,TBR,TOR,SFG,ARI,TOR,ATL,STL,CHC,STL,CIN,SFG,COL,STL,MIA,STL,LAD,STL,MIL,STL,NYM,STL,PHI,STL,PIT,SFG,SDP,SDP,SFG,PIT,STL,PIT,WSN
TEX,LAA,TOR,BAL,TEX,BOS,TBR,CHW,TBR,CLE,TBR,DET,TEX,HOU,STL,KCR,TBR,MIN,TEX,NYY,TEX,OAK,TEX,SEA,TEX,TBR,SEA,TEX,TBR,TOR,SFG,ARI,TOR,ATL,STL,CHC,STL,CIN,SFG,COL,TBR,MIA,STL,LAD,STL,MIL,STL,NYM,STL,PHI,STL,PIT,SFG,SDP,STL,SFG,PIT,STL,PIT,WSN
TEX,LAA,TOR,BAL,TEX,BOS,TEX,CHW,TBR,CLE,TBR,DET,TEX,HOU,TBR,KCR,TEX,MIN,TEX,NYY,TEX,OAK,TEX,SEA,TOR,TBR,SEA,TEX,TBR,TOR,SFG,ARI,WSN,ATL,STL,CHC,STL,CIN,SFG,COL,TBR,MIA,STL,LAD,STL,MIL,WSN,NYM,STL,PHI,STL,PIT,STL,SDP,STL,SFG,SDP,STL,SDP,WSN
TEX,LAA,TOR,BAL,TOR,BOS,TEX,CHW,TBR,CLE,TEX,DET,TEX,HOU,TBR,KCR,TEX,MIN,TOR,NYY,TEX,OAK,TEX,SEA,TOR,TBR,STL,TEX,TBR,TOR,SFG,ARI,WSN,ATL,STL,CHC,STL,CIN,STL,COL,WSN,MIA,TBR,LAD,STL,MIL,WSN,NYM,WSN,PHI,STL,PIT,STL,SDP,STL,SFG,SDP,STL,SDP,WSN
TEX,LAA,TOR,BAL,TOR,BOS,TEX,CHW,TBR,CLE,TEX,DET,TEX,HOU,TBR,KCR,TEX,MIN,TOR,NYY,TEX,OAK,TEX,SEA,TOR,TBR,STL,TEX,TBR,TOR,STL,ARI,WSN,ATL,STL,CHC,STL,CIN,STL,COL,WSN,MIA,TBR,LAD,STL,MIL,WSN,NYM,WSN,PHI,STL,PIT,STL,SDP,TBR,SFG,SDP,STL,SDP,WSN
TEX,LAA,TOR,BAL,TOR,BOS,TEX,CHW,TEX,CLE,TEX,DET,TEX,HOU,TBR,KCR,TOR,MIN,TOR,NYY,TEX,OAK,TEX,SEA,TOR,TBR,STL,TEX,TBR,TOR,STL,ARI,WSN,ATL,STL,CHC,STL,CIN,STL,COL,WSN,MIA,TOR,LAD,STL,MIL,WSN,NYM,WSN,PHI,STL,PIT,TBR,SDP,TBR,SFG,SFG,STL,SFG,WSN
TEX,LAA,TOR,BAL,TOR,BOS,TOR,CHW,TEX,CLE,TOR,DET,TEX,HOU,TEX,KCR,TOR,MIN,TOR,NYY,TEX,OAK,TEX,SEA,TOR,TBR,TBR,TEX,TBR,TOR,STL,ARI,WSN,ATL,STL,CHC,TEX,CIN,TOR,COL,WSN,MIA,TOR,LAD,TEX,MIL,WSN,NYM,WSN,PHI,TEX,PIT,TBR,SDP,TBR,SFG,SFG,STL,SFG,WSN
TEX,LAA,TOR,BAL,TOR,BOS,TOR,CHW,TEX,CLE,TOR,DET,TEX,HOU,TEX,KCR,TOR,MIN,TOR,NYY,TEX,OAK,TEX,SEA,TOR,TBR,TBR,TEX,TBR,TOR,TEX,ARI,WSN,ATL,STL,CHC,TEX,CIN,TOR,COL,WSN,MIA,TOR,LAD,TEX,MIL,WSN,NYM,WSN,PHI,TEX,PIT,TBR,SDP,TOR,SFG,SFG,STL,SFG,WSN
TEX,LAA,TOR,BAL,TOR,BOS,TOR,CHW,TOR,CLE,TOR,DET,TEX,HOU,TEX,KCR,TOR,MIN,TOR,NYY,TEX,OAK,TEX,SEA,TOR,TBR,TBR,TEX,TBR,TOR,TEX,ARI,WSN,ATL,STL,CHC,TEX,CIN,TOR,COL,WSN,MIA,WSN,LAD,TEX,MIL,WSN,NYM,WSN,PHI,WSN,PIT,WSN,SDP,TOR,SFG,SFG,STL,STL,WSN
TOR,LAA,TOR,BAL,TOR,BOS,TOR,CHW,TOR,CLE,WSN,DET,TOR,HOU,TOR,KCR,WSN,MIN,TOR,NYY,TOR,OAK,TOR,SEA,TOR,TBR,TOR,TEX,TEX,TOR,WSN,ARI,WSN,ATL,WSN,CHC,WSN,CIN,WSN,COL,WSN,MIA,WSN,LAD,WSN,MIL,WSN,NYM,WSN,PHI,WSN,PIT,WSN,SDP,WSN,SFG,WSN,STL,STL,WSN
TOR,LAA,WSN,BAL,TOR,BOS,WSN,CHW,TOR,CLE,WSN,DET,TOR,HOU,TOR,KCR,WSN,MIN,TOR,NYY,TOR,OAK,TOR,SEA,TOR,TBR,TOR,TEX,TEX,TOR,WSN,ARI,WSN,ATL,WSN,CHC,WSN,CIN,WSN,COL,WSN,MIA,WSN,LAD,WSN,MIL,WSN,NYM,WSN,PHI,WSN,PIT,WSN,SDP,WSN,SFG,WSN,STL,STL,WSN
TOR,LAA,WSN,BAL,TOR,BOS,WSN,CHW,TOR,CLE,WSN,DET,TOR,HOU,TOR,KCR,WSN,MIN,TOR,NYY,TOR,OAK,TOR,SEA,TOR,TBR,TOR,TEX,TEX,TOR,WSN,ARI,WSN,ATL,WSN,CHC,WSN,CIN,WSN,COL,WSN,MIA,WSN,LAD,WSN,MIL,WSN,NYM,WSN,PHI,WSN,PIT,WSN,SDP,WSN,SFG,WSN,STL,STL,WSN